gene_id	nsnps	PP.H0.abf	PP.H1.abf	PP.H2.abf	PP.H3.abf	PP.H4.abf
ENSG00000255284.1	5	3.18373822749041e-41	8.7927174294681e-43	0.293848927137549	0.00741666453044784	0.698734408331998
ENSG00000279672.1	5	1.82226536213562e-119	5.0326576074678e-121	0.293849183530804	0.00741667187514955	0.698734144594045
ENSG00000277290.1	5	1.74018924214195e-64	3.18228286933018e-67	0.877863653676668	0.00148469700993021	0.120651649313411
ENSG00000177042.14	6	5.86268698738866e-62	6.08524250550312e-66	0.987435155127434	9.0017125009521e-05	0.0124748277475517
ENSG00000255328.1	6	1.38066142895831e-15	3.64953769932754e-19	0.991425834363145	0.000253745708864025	0.00832041992798946
