snp	V.df1	z.df1	r.df1	lABF.df1	V.df2	z.df2	r.df2	lABF.df2	internal.sum.lABF	SNP.PP.H4	gene_id
chr11_204228_G_A_b38	0.00023409	-2.41176470588235	0.994181799563504	0.318001265566956	0.00243191004736	18.6563965089305	0.902457932715929	155.891528467085	156.209529732652	1	ENSG00000277290.1
chr11_206767_G_A_b38	0.00021025	-1.96551724137931	0.994771233702849	-0.70526098279142	0.00266064082596	13.4665208776807	0.894253852898101	79.9618522997158	79.2565913169244	3.79982398556043e-34	ENSG00000277290.1
chr11_211015_C_T_b38	0.00017689	0.195488721804511	0.995597220193001	-2.69373578940146	0.00295846790724	-6.63896028445464	0.883792382243134	18.4007368986679	15.7070011092664	9.56152413062331e-62	ENSG00000277290.1
chr11_220243_T_C_b38	0.00017424	1.40909090909091	0.995662892440529	-1.73181095613956	0.00342768095296	-9.06334121312327	0.867798398199254	34.6305689900973	32.8987580339577	2.79777182328615e-54	ENSG00000277290.1
chr11_247200_G_T_b38	0.00018225	3.31851851851852	0.995464415257981	2.78340773566454	0.00290334535929	-10.1270908844583	0.885710117379157	44.333807112875	47.1172148485395	4.18610027925129e-48	ENSG00000277290.1
