snp	V.df1	z.df1	r.df1	lABF.df1	V.df2	z.df2	r.df2	lABF.df2	internal.sum.lABF	SNP.PP.H4	gene_id
chr11_762791_G_C_b38	0.00022801	-1.18543046357616	0.994332058682495	-1.88782438745216	0.00205275143329	7.838207088041	0.916394240422816	26.9096597202842	25.0218353328321	3.35328320785077e-35	ENSG00000255284.1
chr11_791462_G_A_b38	0.00017424	-3.43939393939394	0.995662892440529	3.16878877157507	0.00138128182336	14.762172546656	0.942160482273239	101.233583506366	104.402372277941	0.999998618252934	ENSG00000255284.1
chr11_805234_G_A_b38	0.00017424	-4.06818181818182	0.995662892440529	5.51888805681127	0.00144980462169	13.5931012204442	0.939464866432481	85.3913237327501	90.9102117895614	1.38174706531186e-06	ENSG00000255284.1
chr11_805302_G_A_b38	0.00020164	-2.69014084507042	0.994984284223231	0.952690302031514	0.00190039324225	7.02542810281349	0.922116286267083	21.4800115953826	22.4327018974141	2.51781531119313e-36	ENSG00000255284.1
chr11_827713_A_T_b38	0.00018769	-1.71532846715328	0.995329664382302	-1.21895718154568	0.00277857602884	4.72344163210794	0.890081782072299	8.8252538634185	7.60629668187283	9.16216056970191e-43	ENSG00000255284.1
