snp	V.df1	z.df1	r.df1	lABF.df1	V.df2	z.df2	r.df2	lABF.df2	internal.sum.lABF	SNP.PP.H4	gene_id
chr11_762791_G_C_b38	0.00022801	-1.18543046357616	0.994332058682495	-1.88782438745216	0.00231725741641	12.6633276482771	0.906627175697595	71.5077292463559	69.6199048589037	4.4858026670429e-94	ENSG00000279672.1
chr11_791462_G_A_b38	0.00017424	-3.43939393939394	0.995662892440529	3.16878877157507	0.001156136004	24.3901241103465	0.951127436712212	281.39319738226	284.561986153835	1	ENSG00000279672.1
chr11_805234_G_A_b38	0.00017424	-4.06818181818182	0.995662892440529	5.51888805681127	0.00151361458704	19.1647903108068	0.936968481710501	170.68713606023	176.206024117041	8.74185515044475e-48	ENSG00000279672.1
chr11_805302_G_A_b38	0.00020164	-2.69014084507042	0.994984284223231	0.952690302031514	0.00209329125625	12.5256980492869	0.914883647152431	70.5376030361272	71.4902933381587	2.91165262621246e-93	ENSG00000279672.1
chr11_827713_A_T_b38	0.00018769	-1.71532846715328	0.995329664382302	-1.21895718154568	0.00388653743241	5.18399283950974	0.852707561863109	10.5000708146887	9.28111363314307	2.79921393031508e-120	ENSG00000279672.1
