snp	V.df1	z.df1	r.df1	lABF.df1	V.df2	z.df2	r.df2	lABF.df2	internal.sum.lABF	SNP.PP.H4	gene_id
chr11_320836_C_T_b38	0.00017956	-2.34328358208955	0.995531061066871	0.0279174136463713	0.00399000672225	5.9015142520165	0.849376907900192	13.8445071422125	13.8724245558589	1.7565454116999e-12	ENSG00000255328.1
chr11_326564_A_T_b38	0.00017424	-2.28787878787879	0.995662892440529	-0.114430187794936	0.00390765012544	5.94645439537235	0.852025829376029	14.1085941631489	13.994163975354	1.98394733846913e-12	ENSG00000255328.1
chr11_328652_C_T_b38	0.00017424	-1.78030303030303	0.995662892440529	-1.14240755255383	0.00392412039184	5.90680812479647	0.851494758060071	13.9009212738154	12.7585137212615	5.76625777528481e-13	ENSG00000255328.1
chr11_329159_G_C_b38	0.00091204	0.986754966887417	0.977707295945154	-1.42575827073869	0.025589441089	4.20921815124369	0.46787817638302	3.82937846399725	2.40362019325856	1.83578126478739e-17	ENSG00000255328.1
chr11_330061_A_G_b38	0.00020164	-0.252816901408451	0.994984284223231	-2.61579167068325	0.00370194366096	10.0583627530258	0.858714921730186	42.4598904385279	39.8440987678447	0.334205950411479	ENSG00000255328.1
chr11_334703_C_A_b38	0.00033124	0.0254395604395604	0.991787011755651	-2.40069829477316	0.00764694283024	10.8115448478389	0.746344335035875	42.9340200295323	40.5333217347592	0.665794049584206	ENSG00000255328.1
