snp	V.df1	z.df1	r.df1	lABF.df1	V.df2	z.df2	r.df2	lABF.df2	internal.sum.lABF	SNP.PP.H4	gene_id
chr11_496116_G_A_b38	0.00029929	1.5606936416185	0.99257331828923	-1.24250056632176	0.00229315519161	6.21059204082954	0.907508537179407	16.3116422039749	15.0691416376531	1.64629329801418e-58	ENSG00000177042.14
chr11_528575_A_G_b38	0.00021609	-0.829931972789116	0.994626777491298	-2.27062069124859	0.001732141161	6.83425839159999	0.928518856443946	20.3650450635594	18.0944243723108	3.39133590619092e-57	ENSG00000177042.14
chr11_528585_C_T_b38	0.00035344	1.11170212765957	0.991241391068519	-1.75633058378881	0.00262517893225	7.22311242961561	0.895516010479814	22.2316758276406	20.4753452438518	3.66768141334297e-56	ENSG00000177042.14
chr11_628245_G_A_b38	0.00023409	1.22222222222222	0.994181799563504	-1.83081424687335	0.002121247249	-5.3051002019237	0.913844850037556	11.6338622391719	9.80304799229859	8.50103489427587e-61	ENSG00000177042.14
chr11_688091_C_T_b38	0.00017424	1.14393939393939	0.995662892440529	-2.06881290220063	0.00079634582416	-17.7343052346596	0.965816706612668	150.189363658783	148.120550756583	1	ENSG00000177042.14
chr11_698807_C_T_b38	0.00017424	1.4469696969697	0.995662892440529	-1.67795350227563	0.00098387614224	-14.5924034329291	0.958104184493193	100.422223746138	98.7442702438622	3.59876788656748e-22	ENSG00000177042.14
